picture,city,ratings,details
https://encrypted-tbn0.gstatic.com/images?q=tbn:ANd9GcRfg3dLUEtfGbOrhBPfaMwSDoZJvGu3g1ULD2IjJrKmLH2BVDsm1C9sNragZwP4D34kGDc5RcahhRqf_QPeX8curA,Badshahi Mosque,4.8,Prominent 17th-century domed mosque
https://encrypted-tbn3.gstatic.com/images?q=tbn:ANd9GcRFQoYsBfgkMLqFSsQjXqlMEG6uw-QBskhPMw-j55nZtsGxLJPkaIWnEyGZG8GSfyZGkWfC66ssbHHypMw8FgCgMw,Lahore Fort,4.6,Fortified 16th-century Mughal citadel
https://encrypted-tbn2.gstatic.com/images?q=tbn:ANd9GcQSrQ9qZdDYcEMLmIOJPXxC0k28dBAUuFLFn784h08I5gmDbngF4Ojvw7VlB9iGoV9QqbrlM3VP9d2LsJJie-782w,Wazir Khan Mosque,4.8,Elaborately decorated Mughal-era mosque
https://encrypted-tbn1.gstatic.com/images?q=tbn:ANd9GcQ3pLr1Wu-JHG4STZ6xD3PrihOhJFAUdw9xKX53G1GFcxpLsr8PPeTj7yDolMLsuZ9JwFyHuFbysJuq20b84Nrnow,Shalimar Bagh,4.5,Walled 17th-century Mughal garden
https://encrypted-tbn3.gstatic.com/images?q=tbn:ANd9GcQ5h9kfZqIrBNSnq5ETyNt9tcJ00ZOw4jMroXPfd38vsw2BstSL1hzFFGkgMKxt4v6Dukl3t_XkeMgUAd3aP2oilQ,The Lahore Museum,4.5,Museum devoted to Pakistani culture
https://encrypted-tbn2.gstatic.com/images?q=tbn:ANd9GcShuAtKtlq3dAkoUA1yMbbEhFTHMTeVusFjFJbYQDZaMy25Cglg_NDOpfsAaNBbDT2M37SPwiwoosbMRUBlga6U9Q,Tomb of Jahangir,4.5,Historical mausoleum for an emperor
https://encrypted-tbn2.gstatic.com/licensed-image?q=tbn:ANd9GcSEHps0LMtr25uahwaGwdxQ2W_6yVw8V39f1C_LeBCFheADK70T7f_PWcv944-IuADOj1Rso-8c1DLZSrowx_4KwA,Sheesh Mahal,4.5,1632 pavilion with stone inlay & mirrors
https://lh5.googleusercontent.com/p/AF1QipPMxxIuo53g_cfWAiUrqvu3Paw5spao3usoAjx4=w464-h260-n-k-no-v1,Lahore Zoo,4.3,Sizable zoo with pony rides & a cafe
https://lh5.googleusercontent.com/p/AF1QipNHI1vAeahVcYSJu5PSwLsE-ZsAT6XMIITN3Glw=w464-h260-n-k-no-v1,"PIA Planetarium, Lahore",3.8,Planetarium
https://encrypted-tbn2.gstatic.com/licensed-image?q=tbn:ANd9GcTjwij_mTWwP3dwunn647zFoyGUDDDWbBVBwEPwk4dcuP7RzYslWaP8iVrGb_cdBOk36PVmeyBBUf56uIzzFsTgBg,Bagh e Jinnah,4.6,Historic park & botanical gardens
https://encrypted-tbn1.gstatic.com/images?q=tbn:ANd9GcT88jhTSqcZyI5jWAFKxFC71CGMzZqozoez5xFCjV00p6kOYQhdDgfvmXkU58XM7Q7r3a3nSFrFJ7wa8Yumwm-PjQ,Hiran Minar Tomb,4.4,17th century monument to an antelope
https://encrypted-tbn0.gstatic.com/licensed-image?q=tbn:ANd9GcQF92oID7EYt6wjPmG1195qf71_JxztsMThtyfdyEz0GFEBOOII2-CcRp1eE1Ve8Ldz8rrwV2y0V4O5wDy2wD93tQ,Grand Jamia Masjid Bahria Town,4.8,Islamic art and architecture
https://encrypted-tbn3.gstatic.com/licensed-image?q=tbn:ANd9GcQDxuuPrGWHD6vOHJVorNt8qlTfl6AixBd-XQR2xqvVUdrL6PODVUNXusGBod_TKjZ8MpM2LMkBBGvCimn2CFts5w,Race Course (Jilani Park),4.6,Park with floral shows & a jogging track
https://encrypted-tbn3.gstatic.com/licensed-image?q=tbn:ANd9GcTBlCxOIHebjvZ-TWeupXTnOOtppqkuFQ_cSZ6ESpYy-79xAI5jDgpUMLG9SrlWoCrf905UKFyxHj2Aa0Rr6gogMA,Dehli Gate,4.6,Historical gate housing a small market
https://lh5.googleusercontent.com/p/AF1QipOorEESRlPNmlek1PO3FBsd2JJ4wJPTnipQGRYP=w464-h260-n-k-no-v1,Lahore Wildlife Park,4.2,Safari attraction with a lake & aviary
https://lh5.googleusercontent.com/p/AF1QipN93jkeD3FsWD2DrjCzs1yw6U9HuM2mTh8XHVfk=w464-h260-n-k-no-v1,Minar-e-Pakistan,4.7,Landmark 1960s tower set amid gardens
https://encrypted-tbn3.gstatic.com/licensed-image?q=tbn:ANd9GcSOfhlnF-qjizEwRPdn5Sz_vFodIG5cdQQD7VrOs1-TuEvpra72x0YxzKnZcfRyzBVkFQ7c1oJuMMsWQtuPpTcQVw,Wazir Khan Bath (Shahi Hammam),4.7,Architecture
https://lh5.googleusercontent.com/p/AF1QipMzae6PaBu3EvTiPt-wRaCHsh-c15sD6djAz2i8=w464-h260-n-k-no-v1,Chauburji,4.4,Towering monument with arches & minarets
https://lh5.googleusercontent.com/p/AF1QipPUiAZciyQT3Nh0SsPz-lKKxAUx64T65122aQt6=w464-h260-n-k-no-v1,"Jallo Park, Botanical Park",4.4,Wildlife viewing & recreational sports
https://encrypted-tbn1.gstatic.com/licensed-image?q=tbn:ANd9GcQSgDKQc01h0maoXnByxe2Fbjq4Cs7lTv7t6AwlHCghxedSSQh-mBGuOEiYnJ8lj0jaxOXK8q8C96554NF4982UdA,Anarkali Bazaar,,History
https://encrypted-tbn1.gstatic.com/licensed-image?q=tbn:ANd9GcTnmECk46n7tbgiXDWJH6zDDqEG-iCJdAlpVDCvkfdtE7UWbGHro2RaL57OgVh1gx9rHXUH2CjgQ_uvmR9vliV9Gw,Greater Iqbal Park,4.7,Park
https://lh5.googleusercontent.com/p/AF1QipN17jhbuS2C2mNp2gWBA1abduXymCDhgauYGpX6=w464-h260-n-k-no-v1,Joyland,4.4,Amusement park with rides for all ages
https://encrypted-tbn0.gstatic.com/licensed-image?q=tbn:ANd9GcTA-dQFCcpPydujnuwSVpQMzxqmsBLFuiAW2hDfXnj0okxzdor_kpA8fWKp8GYIZYTgcmcIemCdffCiFcp3uHwN4w,Samadhi of Maharaja Ranjit Singh,4.4,"Mausoleum, architecture, and shrine"
https://lh5.googleusercontent.com/p/AF1QipNtA9uTDxLhYtMZiNI9JyQCtAnuJLGRHK8S54Bt=w464-h260-n-k-no-v1,Gulshan Iqbal Park,4.4,"Amusement rides, a lake & animals"
https://encrypted-tbn0.gstatic.com/licensed-image?q=tbn:ANd9GcT5reXYQPxbMQUUC98RYDmVtAGNZq55WPkyyzCrsy6PMiRuN-3dWx3djnn1tUoFaStdu32U25ZopkOkAG_TQ0CWoQ,Tomb of Allama Iqbal,4.8,Mausoleum and architecture
https://lh5.googleusercontent.com/p/AF1QipObFww7z88jtEGeWewShaODnP-M6VRN6ng_GrPg=w464-h260-n-k-no-v1,Mosque of Mariyam Zamani Begum,4.7,Ornate 17th-century Mughal mosque
https://encrypted-tbn2.gstatic.com/images?q=tbn:ANd9GcT2TOMey8ocuz6yeE4NzTIbVJ77jhc_RM-AyJazzqTJl9uFLlTC37R_Xt_QMAcCUafXtLyHR7apcnvu657rpv3aEA,Moti Masjid,4.7,History and architecture
https://lh5.googleusercontent.com/p/AF1QipM2zOuyQjIR0czpcgutydjv-cxp3IL2ToCr0Qsl=w464-h260-n-k-no-v1,SOZO Water Park,,Water park
https://lh5.googleusercontent.com/p/AF1QipMhwLxJk5x9DsEW3y3pZIt5Cq3Q_mZcSoYc7_hY=w464-h260-n-k-no-v1,Tomb Queen Nur Jahan,4.4,"Mausoleum, tomb, and history"
https://lh5.googleusercontent.com/p/AF1QipOPJzb_wawfD5mE8eP5M2JVSlWQeUU3RgfQiLM4=w464-h260-n-k-no-v1,Fakir Khana Museum,4.5,"Museum, art, and architecture"
https://lh5.googleusercontent.com/p/AF1QipP3j_Mc7r5KQAKl43sk40pBPWe4o-fNHRFYI86n=w464-h260-n-k-no-v1,Food Street Fort Road,4.5,Historic street with Lahori cuisine
https://lh5.googleusercontent.com/p/AF1QipNkHL_dGJ408sp6lGZ56PkHSALD67vwob-nTr1y=w464-h260-n-k-no-v1,Army Museum Lahore,4.8,Museum
https://encrypted-tbn0.gstatic.com/licensed-image?q=tbn:ANd9GcR8F6MPsMPLOyCNOZpWMrN5AboihIYhBDKY44E3mmrd3ygBf6p1Vid476UzeLHrHYhoiqrcV2ueWaq_O5uaSKh0LA,Data Darbar,4.7,Iconic shrine to a revered Sufi saint
https://encrypted-tbn2.gstatic.com/licensed-image?q=tbn:ANd9GcQQtUu5rXnZ_6pebNdV65igyi_qdl6-Mn2n-hNtpnpvnqK_exS8RId3wn2vhKw3L3-DfoGQ54zj9whxc3rQjmZxpQ,Hazuri Bagh,4.6,Historic garden with lawns & a pavilion
https://encrypted-tbn1.gstatic.com/licensed-image?q=tbn:ANd9GcShtoS6JoVCYmeTpIJpqc3NlX6QAhpHQyQ0sg2Eljo_1EOCmesT56MbvSoKoURGq2od0ew3DwDYWb5acZa1OILiuw,Shalimar Garden,,Garden
https://encrypted-tbn0.gstatic.com/licensed-image?q=tbn:ANd9GcQSjgx-3sJqscZymPMRAAAXy7LrdpsIq6KIbi3chz6_HzHvZA-32ndcUuKlyUT8NtwMgc9XXnnWeRLbi1DMWorJPQ,Baradari,,History and architecture
https://lh5.googleusercontent.com/p/AF1QipOnWdO6_KpeN008OxbyQgubenjjJnaxl9TbcEsx=w464-h260-n-k-no-v1,Fun Factory,4.1,
https://lh5.googleusercontent.com/p/AF1QipO9iHe2Rn6dOgwM7cjjcWb7lEWYfjldZJsHwt0r=w464-h260-n-k-no-v1,Tomb of Anarkali,,"Architecture, history, and tomb"
https://lh5.googleusercontent.com/p/AF1QipN8PNI4BnQGjLeiqYnUzB5YvJ9F6eD5u2UvL6XW=w464-h260-n-k-no-v1,MM Alam Road,4.5,Shopping
https://encrypted-tbn0.gstatic.com/licensed-image?q=tbn:ANd9GcSjBeFMOLFhuYv5Px2E7MoQgLOQvDYJNyPytC-YB3xS0r9q2zcvpGYQPAXVwOUkBCkP9svuSFXVLfkEzBtIRCj62w,Quaid-e-Azam Library,4.7,Architecture
https://lh5.googleusercontent.com/p/AF1QipPRlZ311Cb4z2XfB7VhvZOHShTUoDYBaC3C-1YU=w464-h260-n-k-no-v1,Baradari,4.1,History and river
https://lh5.googleusercontent.com/p/AF1QipNPmq5hJb62B0nVZx9uopSkJmszCwk6R3wUjngw=w464-h260-n-k-no-v1,Sozo Water Park,4.1,Park
https://lh5.googleusercontent.com/p/AF1QipMzOIDpyG8F_S8OK5WDRzrt1f4YC8p_VG0h6XdC=w464-h260-n-k-no-v1,GPO,4.3,History
https://lh5.googleusercontent.com/p/AF1QipN9CVZapK1aaUMC_SfkmlHO2YIFsnY7yjOz5ZmA=w464-h260-n-k-no-v1,Lahore Biennale Foundation,4.2,Art
https://lh5.googleusercontent.com/p/AF1QipP3xnkmBGNEQdd9zlDEY8UerEc_S10FHHGgOh5E=w464-h260-n-k-no-v1,Haveli Nau Nihal Singh,4.4,
https://lh5.googleusercontent.com/p/AF1QipMaRc6E5QrTIf2gAS1AOgy2KxedDvgClomHQ0HL=w464-h260-n-k-no-v1,Tomb of Dai Anga,4.1,"Tomb, history, and architecture"
https://lh5.googleusercontent.com/p/AF1QipMUeEcQZSoaLjxaifeKD00r-eESAKOwnDObhS9G=w464-h260-n-k-no-v1,Mochi Gate,4.4,History
https://lh5.googleusercontent.com/p/AF1QipNiSJyC7DR_L5WbGm8JZM5oVVv7AcNbdy2lPGwM=w464-h260-n-k-no-v1,Walled City Of Lahore Authority,4.6,
https://lh5.googleusercontent.com/p/AF1QipPQJ9XnP3Isu9BD2wLkFW_OFFoCh1bDn6O0ljPt=w464-h260-n-k-no-v1,Lohari Gate,4.5,Architecture
https://www.google.com/maps/vt/bpb=CgwiChAOCgYI0AMQhAISAggAEhQIAjIQCg4KCg3hOdQSFRlASyw4ARoIEgJlbhoCUEsgACoFLQAAgD8,Naulakha,,"Architecture, history, and garden"
https://encrypted-tbn0.gstatic.com/licensed-image?q=tbn:ANd9GcRuukrIbKUHQb19OEqEruwMFgj1ULuTeCOjbwYdpaILsW-VNkdLHP6afDsVAGX4hREeQfGGg_XnmgfbDWHxkXcheA,Tomb of Asif Khan,4.2,"Tomb, mausoleum, and history"
https://lh5.googleusercontent.com/p/AF1QipNXP5BLW5c4g323Ttr7XVvgHknDRaYP3hZQJTq4=w464-h260-n-k-no-v1,Model Town Park,4.6,Park
https://lh5.googleusercontent.com/p/AF1QipNizZ9Y3HZHLmJTg6h8kVcduRGfK7nZiPWDMTJ_=w464-h260-n-k-no-v1,Unicorn Gallery,4.3,"Art museum, painting, and art"
https://lh5.googleusercontent.com/p/AF1QipNEVvPbvTIgdPnrR2VUbSA10UBwECjDlTGgRQnh=w464-h260-n-k-no-v1,Kohpemaa Outdoor Gear Shop,5,
https://lh5.googleusercontent.com/p/AF1QipNFUtabn8O846dRhCLgOtS7GV8GT1cuB8XXmiRE=w464-h260-n-k-no-v1,Mori Gate,4.4,
https://lh5.googleusercontent.com/p/AF1QipMV7Qy5QwMk9oHBQeWN7IKLMMN958LKcAs_6t_2=w464-h260-n-k-no-v1,Akbari Gate,4.5,
https://lh5.googleusercontent.com/p/AF1QipPZHTttSwJm7tSzsOTO1UMfjDmuD4fNo1WXHPGu=w464-h260-n-k-no-v1,Maqbool Water Park,3.9,Park
https://encrypted-tbn3.gstatic.com/licensed-image?q=tbn:ANd9GcQmyka7ZwAWiOrwNXKfqlWWsGLKCHtnsxthuJHPsnVPtpO1zF623mdVvAVNikXXhBoY7sM0NbPmAqBwum0Qqeck6Q,Diwan-e-Khas,,
https://lh5.googleusercontent.com/p/AF1QipO13_NaLmOI3AYKj74jpiS_OI0VB6BrmG8Ak_Sx=w464-h260-n-k-no-v1,Bab-e-Pakistan,4.1,"Monument, history, and architecture"
https://lh5.googleusercontent.com/p/AF1QipNYu-3WUkrUqpTbr7QMThZ_iW8A6qQytLTgAKSX=w464-h260-n-k-no-v1,Ocean Art Galleries,4.4,Art and sculpture
https://lh5.googleusercontent.com/p/AF1QipPHDJ5nZDmBElOfhqbSavPIquuu7Ghh4xf1uBhV=w464-h260-n-k-no-v1,Shrine of Shah Jamal,,Tomb
https://lh5.googleusercontent.com/p/AF1QipNfKHLKKVro8yVv-A6zfjiTjnutnEVccmI5QuFz=w464-h260-n-k-no-v1,National History Museum,4.7,Museum and history
https://encrypted-tbn2.gstatic.com/licensed-image?q=tbn:ANd9GcS1Jk2EdNq9iISfPl-qfk5-JRlqminqONvfx0pR2dubuLXh_-DZ11-GCGbt1B9egVuNEa6fhPF5vV3aNRXupe2gKg,Bibi Pak Daman Shrine,4.7,"Mausoleum, shrine, and history"
https://lh5.googleusercontent.com/p/AF1QipMgFfwZ5KZ1adgOb_R0RKTd2rnKSEpuJ3k9Q4LX=w464-h260-n-k-no-v1,nairangart,4.3,Art and art museum
https://lh5.googleusercontent.com/p/AF1QipPy_l-nt8oaEPdDFNrjnFayVj5L0vb46LHL42Qg=w464-h260-n-k-no-v1,Botanical Gardens Jallo,4.5,Garden and park
https://lh5.googleusercontent.com/p/AF1QipP0IcE4w_Qr0XfasRY4a9uOmaXGUkI9AcQTNpE=w464-h260-n-k-no-v1,Buddhu ka Aawa,4.1,History
https://lh5.googleusercontent.com/p/AF1QipN5fjBsVhaaho60i-Bc4yx0GPs0eIOXb9EI1mQb=w464-h260-n-k-no-v1,Sky Land Water Park,3.9,Water park and park
https://lh5.googleusercontent.com/p/AF1QipOD5Zqoz2qUH42829CG4UsGAEABQR5p0SCPcCoL=w464-h260-n-k-no-v1,Safari Zoo Lahore,4.2,Safari and park
https://lh5.googleusercontent.com/p/AF1QipP6cs1rmFStdXqDbDK9ZO1DUoNVhHA5A4NyOQDS=w464-h260-n-k-no-v1,Jam-e-Shirin Park Lahore,4.4,
https://lh5.googleusercontent.com/p/AF1QipOsn8smfPllLCmkhXzMVHSQr94FGhawHrcfd9CB=w464-h260-n-k-no-v1,Dina Nath's Well,,
https://lh5.googleusercontent.com/p/AF1QipOnZ2gkmQ2uaCN4eDmFVtwEI0Njia2d5YhTsbXX=w464-h260-n-k-no-v1,Yakki Gate,4.4,
https://lh5.googleusercontent.com/p/AF1QipPGEA-CDjXwAWLjqg-bl2XW48AP0a1803636BkT=w464-h260-n-k-no-v1,Sindbad's Wonderland Pvt Ltd,4.4,
https://lh5.googleusercontent.com/p/AF1QipOmVoHynZCW6xaqUONeRZBQNaYxpkFwYjFQ6t5s=w464-h260-n-k-no-v1,Fun Zone Water Park,4.1,Water park
